arm,model,metric,mean,std,median,n_patients
raw,svm,n_windows,16763.8,7484.403062369102,15996.0,5
raw,svm,n_ictal,206.6,86.78306286367173,192.0,5
raw,svm,tp,86.8,30.51556979641704,85.0,5
raw,svm,fp,2713.8,2390.5560441035473,2318.0,5
raw,svm,tn,13843.4,8409.7621726182,15750.0,5
raw,svm,fn,119.8,70.54218595989211,132.0,5
raw,svm,sensitivity,0.4823764574735911,0.25894623950231654,0.4426229508196721,5
raw,svm,specificity,0.7865091744241546,0.2212075733949652,0.8827035950110051,5
raw,svm,f1,0.14700146351708523,0.20631249732718257,0.061389337641357,5
raw,svm,auc,0.7733999570848249,0.20312631652130891,0.8559394846592706,5
raw,svm,fa_per_hour,377.84413523717365,389.6085788960461,208.2214082214082,5
raw,rf,n_windows,16763.8,7484.403062369102,15996.0,5
raw,rf,n_ictal,206.6,86.78306286367173,192.0,5
raw,rf,tp,121.8,74.53992218938788,102.0,5
raw,rf,fp,1574.4,2901.470454786676,363.0,5
raw,rf,tn,14982.8,8971.449225180957,15739.0,5
raw,rf,fn,84.8,80.62691858182352,90.0,5
raw,rf,sensitivity,0.633661588869987,0.30191649897132866,0.53125,5
raw,rf,specificity,0.8664980341515415,0.2416670213086415,0.983354732208364,5
raw,rf,f1,0.30304871583809184,0.1893975087302029,0.2649350649350649,5
raw,rf,auc,0.8912363078437471,0.11081638567698832,0.9086892462384084,5
raw,rf,fa_per_hour,235.4051056122813,425.26134480013667,29.548229548229543,5
subject_standardised,svm,n_windows,16763.8,7484.403062369102,15996.0,5
subject_standardised,svm,n_ictal,206.6,86.78306286367173,192.0,5
subject_standardised,svm,tp,119.0,64.43601477434805,108.0,5
subject_standardised,svm,fp,706.0,649.4670892354746,527.0,5
subject_standardised,svm,tn,15851.2,7358.800900962058,14516.0,5
subject_standardised,svm,fn,87.6,61.73977648161677,81.0,5
subject_standardised,svm,sensitivity,0.6166032043517156,0.27261278563103974,0.65625,5
subject_standardised,svm,specificity,0.9533863000586035,0.037817390175211366,0.9318598679383712,5
subject_standardised,svm,f1,0.2770931567393605,0.13282952490172392,0.2347826086956521,5
subject_standardised,svm,auc,0.941923715834154,0.04861346328715285,0.9325052920871272,5
subject_standardised,svm,fa_per_hour,82.87365280947577,67.24730552832418,120.96052096052097,5
subject_standardised,rf,n_windows,16763.8,7484.403062369102,15996.0,5
subject_standardised,rf,n_ictal,206.6,86.78306286367173,192.0,5
subject_standardised,rf,tp,154.6,87.5973743898754,182.0,5
subject_standardised,rf,fp,496.4,629.38922774385,229.0,5
subject_standardised,rf,tn,16060.8,7278.187219356205,15173.0,5
subject_standardised,rf,fn,52.0,56.42694391866354,32.0,5
subject_standardised,rf,sensitivity,0.7591218352757299,0.3005018231751652,0.8819188191881919,5
subject_standardised,rf,specificity,0.970608429596442,0.02848245554757023,0.9685612300933552,5
subject_standardised,rf,f1,0.4378443713160346,0.2501526160290692,0.3621890547263681,5
subject_standardised,rf,auc,0.9417404922073844,0.09859966156102876,0.9899768254872184,5
subject_standardised,rf,fa_per_hour,52.2249384740065,50.58250689924142,55.95981536790659,5
